{"_timestamp":1.7612706366310844e+09,"confusion_matrix_table":{"nrows":100,"log_mode":"IMMUTABLE","path":"media/table/confusion_matrix_table_401_b381a6b3d0c53313eec2.table.json","size":2615,"sha256":"b381a6b3d0c53313eec2bf90104cab4939349de7d8b3deeb097e7a9892d6245f","_latest_artifact_path":"wandb-client-artifact://xyyyi8io1pcud901gp77o8ag6cw3ntlgz5u355q8px5rgfqome6vsaxabw20xq8yc3ath1mvit8tbrnod0c3z1ialfvm88kyxeu94f3zb928q4h08kllx2df8nxjhhqg:latest/confusion_matrix_table.table.json","artifact_path":"wandb-client-artifact://h9xj7mkbm8uac397egj6m1cenvnsfw9p79oko411vmippnnpxps7nwqstmj9s9tij9i883u8jhpxj1533f5mzp8fxi9iirtnjumyqyb40d3mciamf87zhh0k8dv4vkrl/confusion_matrix_table.table.json","ncols":3,"_type":"table-file"},"_step":401,"val_acc":0.918,"final_test_loss":0.30908863006234166,"optuna/best_batch_size":32,"optuna/best_dropout":0.051451995679921675,"test_loss":0.30908863006234166,"confusion_matrix":[[935,8,17,5,4,0,2,3,18,8],[4,961,1,1,1,0,2,2,5,23],[15,0,885,24,30,14,22,5,2,3],[6,1,16,840,20,73,19,11,4,10],[3,1,16,16,933,10,10,10,1,0],[4,1,15,70,14,881,5,10,0,0],[5,1,10,16,4,5,957,0,1,1],[6,2,8,13,16,17,0,935,0,3],[24,10,1,4,0,1,1,0,948,11],[8,26,2,3,1,1,1,2,11,945]],"optuna/best_learning_rate":0.002720727748610218,"best_val_acc":0.922,"val_loss":0.2986513639137149,"_runtime":61753,"train_acc":0.9991111111111111,"final_test_acc":0.922,"_wandb":{"runtime":61753},"train_loss":0.007702981653457714,"test_acc":0.922,"epoch":200}