{"train_loss":0.00737302821442071,"confusion_matrix_table":{"artifact_path":"wandb-client-artifact://ygehjguyyl8ksnt1mmgjf0tjue5vkrdv3e0vld6b15obgle5mbtp5p1mrx39yf8sgvfurra48fobyyq0nttexqtibd542fucyw1hapyl41adqr5khr4wk7cx3max3gyh/confusion_matrix_table.table.json","log_mode":"IMMUTABLE","size":2614,"_type":"table-file","_latest_artifact_path":"wandb-client-artifact://n0y9622dskcys4axgi5rifhmorgv6idpratpnoohc55vqkogwp6v1llyd7byd7gbo2y5ekfv79zst87zkvbqf65oy7flqrygx2es09asia6wb333hpqdqpmvvukuwxbw:latest/confusion_matrix_table.table.json","path":"media/table/confusion_matrix_table_401_199c4d0b4779c3567e7a.table.json","ncols":3,"nrows":100,"sha256":"199c4d0b4779c3567e7a405c7986f19d4175e4a55ae7d9f77a3e3ea8144b71ed"},"final_test_acc":0.9183,"optuna/best_learning_rate":0.004430375245218269,"test_acc":0.9183,"train_acc":0.9989555555555556,"val_loss":0.3019405131399632,"_step":401,"test_loss":0.33161503999233244,"best_val_acc":0.9218,"final_test_loss":0.33161503999233244,"confusion_matrix":[[928,7,16,4,5,0,5,4,25,6],[6,967,0,0,1,0,0,0,2,24],[20,0,879,23,28,16,19,9,4,2],[13,2,21,825,24,68,19,11,7,10],[3,1,18,14,922,10,14,15,2,1],[5,2,17,71,18,867,4,15,0,1],[2,2,14,8,7,3,958,2,1,3],[11,2,9,11,11,18,0,934,0,4],[24,9,3,2,0,0,2,1,954,5],[13,24,0,2,0,0,1,2,9,949]],"_runtime":13991,"optuna/best_dropout":0.21182739966945235,"_timestamp":1.761222895706691e+09,"optuna/best_batch_size":32,"epoch":200,"val_acc":0.9174,"_wandb":{"runtime":13991}}